Designator,Footprint,Qty,LCSC Part Number
"BAT1,BAT2",lightsaber:BAT-TH_L56.3-W16.8-P51.55_BH-AA-A1AJ020,2,C5290181
"C1,C2",Capacitor_SMD:C_0402_1005Metric,2,C1557
"C3,C4,C7,C8,C9,C10,C11,C12,C13,C14,C47,C49,C50,C57",Capacitor_SMD:C_0402_1005Metric,14,C1525
"C5,C6",Capacitor_SMD:C_0402_1005Metric,2,C52923
"C17,C18",Capacitor_SMD:C_0402_1005Metric,2,C12530
"C54,C55,C56,C59",Capacitor_SMD:C_1206_3216Metric,4,C5672
"C58,C60,C61",Capacitor_SMD:C_0603_1608Metric,3,C19702
C62,Capacitor_SMD:C_1206_3216Metric,1,C15008
"D1,D2",Resistor_SMD:R_0603_1608Metric,2,C2286
"D5,D6",Diode_SMD:D_0805_2012Metric,2,C131250
"L1,L2",lcsc_footprints:C325980_IND-SMD_L5_4-W5_1,2,C325980
"LED1,LED2,LED3,LED4,LED5,LED6,LED7,LED8,LED9,LED25,LED26,LED27,LED28,LED29,LED30,LED31,LED32,LED33",lightsaber:LED-SMD_4P-L5.0-W5.0-BL_XL-5050RGBC,18,C2843785
Q1,Package_TO_SOT_SMD:SOT-23,1,C8545
"R3,R4",Resistor_SMD:R_0402_1005Metric,2,C25900
"R10,R13",Resistor_SMD:R_0603_1608Metric,2,C8218
"R11,R12",Resistor_SMD:R_0402_1005Metric,2,C2909361
R14,Resistor_SMD:R_0603_1608Metric,1,C273765
"R17,R22",Resistor_SMD:R_0603_1608Metric,2,C25803
R18,Resistor_SMD:R_0402_1005Metric,1,C17168
R19,Resistor_SMD:R_0402_1005Metric,1,C25741
R20,Capacitor_SMD:C_0805_2012Metric,1,C17415
R21,Resistor_SMD:R_0603_1608Metric,1,C5126197
SPK1,lightsaber:SPK-TH_BD23.0-P10.00-D0.8-L-RD,1,C530531
SW1,lightsaber:SW-SMD_MK-12C02-G020,1,C963206
SW2,lightsaber:SW-SMD_TM-2024A,1,C561480
U1,Package_DFN_QFN:QFN-56-1EP_7x7mm_P0.4mm_EP3.2x3.2mm,1,C2040
"U2,U5",lcsc_footprints:C919459_SOT-563_L1_6-W1_2-P0_50-LS1_6-BR,2,C919459
U3,lightsaber:WSON-8_L6.0-W5.0-P1.27-BL-EP,1,C571260
U4,Package_DFN_QFN:TQFN-16-1EP_3x3mm_P0.5mm_EP1.23x1.23mm,1,C910544
U7,lightsaber:LGA-14_L3.0-W2.5-P0.50-TL,1,C967633
"U9,U16",OptoDevice:Everlight_IRM-H6xxT,2,C91447
"U10,U14,U15",lightsaber:SW-SMD_4P-L4.5-W4.5-P3.00-LS6.9,3,C5342984
U11,lightsaber:OLED-SMD_ST7735S,1,C2890616
U12,lightsaber:SOT-363_L2.0-W1.3-P0.65-LS2.1-BR,1,C14461
Y1,Crystal:Crystal_SMD_3225-4Pin_3.2x2.5mm,1,C9002
